交易日期,契約,到期月份(週別),結算價,交易時段
2018/7/2,BRF,201809,2381,一般
2018/7/2,BRF,201810,2371.5,一般
2018/7/2,BRF,201811,2368,一般
2018/7/2,BRF,201812,2348.5,一般
2018/7/2,BRF,201906,2265,一般
2018/7/3,BRF,201809,2377,一般
2018/7/3,BRF,201809,-,盤後
2018/7/3,BRF,201810,2372.5,一般
2018/7/3,BRF,201810,-,盤後
2018/7/3,BRF,201811,2364,一般
2018/7/3,BRF,201811,-,盤後
2018/7/3,BRF,201812,2344.5,一般
2018/7/3,BRF,201812,-,盤後
2018/7/3,BRF,201906,2261,一般
2018/7/3,BRF,201906,-,盤後
2018/7/4,BRF,201809,2381.5,一般
2018/7/4,BRF,201809,-,盤後
2018/7/4,BRF,201810,2379.5,一般
2018/7/4,BRF,201810,-,盤後
2018/7/4,BRF,201811,2368.5,一般
2018/7/4,BRF,201811,-,盤後
2018/7/4,BRF,201812,2349,一般
2018/7/4,BRF,201812,-,盤後
2018/7/4,BRF,201906,2265.5,一般
2018/7/4,BRF,201906,-,盤後
2018/7/5,BRF,201809,2369.5,一般
2018/7/5,BRF,201809,-,盤後
2018/7/5,BRF,201810,2367,一般
2018/7/5,BRF,201810,-,盤後
2018/7/5,BRF,201811,2356.5,一般
2018/7/5,BRF,201811,-,盤後
2018/7/5,BRF,201812,2337,一般
2018/7/5,BRF,201812,-,盤後
2018/7/5,BRF,201906,2253.5,一般
2018/7/5,BRF,201906,-,盤後
2018/7/6,BRF,201809,2361,一般
2018/7/6,BRF,201809,-,盤後
2018/7/6,BRF,201810,2351.5,一般
2018/7/6,BRF,201810,-,盤後
2018/7/6,BRF,201811,2348,一般
2018/7/6,BRF,201811,-,盤後
2018/7/6,BRF,201812,2328.5,一般
2018/7/6,BRF,201812,-,盤後
2018/7/6,BRF,201906,2245,一般
2018/7/6,BRF,201906,-,盤後
2018/7/9,BRF,201809,2356.5,一般
2018/7/9,BRF,201809,-,盤後
2018/7/9,BRF,201810,2350.5,一般
2018/7/9,BRF,201810,-,盤後
2018/7/9,BRF,201811,2343.5,一般
2018/7/9,BRF,201811,-,盤後
2018/7/9,BRF,201812,2324,一般
2018/7/9,BRF,201812,-,盤後
2018/7/9,BRF,201906,2240.5,一般
2018/7/9,BRF,201906,-,盤後
2018/7/10,BRF,201809,2380,一般
2018/7/10,BRF,201809,-,盤後
2018/7/10,BRF,201810,2375,一般
2018/7/10,BRF,201810,-,盤後
2018/7/10,BRF,201811,2367,一般
2018/7/10,BRF,201811,-,盤後
2018/7/10,BRF,201812,2347.5,一般
2018/7/10,BRF,201812,-,盤後
2018/7/10,BRF,201906,2264,一般
2018/7/10,BRF,201906,-,盤後
2018/7/11,BRF,201809,2377.5,一般
2018/7/11,BRF,201810,2373,一般
2018/7/11,BRF,201811,2364.5,一般
2018/7/11,BRF,201812,2345,一般
2018/7/11,BRF,201906,2261.5,一般
2018/7/12,BRF,201809,2275,一般
2018/7/12,BRF,201809,-,盤後
2018/7/12,BRF,201810,2271.5,一般
2018/7/12,BRF,201810,-,盤後
2018/7/12,BRF,201811,2262,一般
2018/7/12,BRF,201811,-,盤後
2018/7/12,BRF,201812,2242.5,一般
2018/7/12,BRF,201812,-,盤後
2018/7/12,BRF,201906,2159,一般
2018/7/12,BRF,201906,-,盤後
2018/7/13,BRF,201809,2266,一般
2018/7/13,BRF,201809,-,盤後
2018/7/13,BRF,201810,2264,一般
2018/7/13,BRF,201810,-,盤後
2018/7/13,BRF,201811,2253,一般
2018/7/13,BRF,201811,-,盤後
2018/7/13,BRF,201812,2233.5,一般
2018/7/13,BRF,201812,-,盤後
2018/7/13,BRF,201906,2150,一般
2018/7/13,BRF,201906,-,盤後
2018/7/16,BRF,201809,2285.5,一般
2018/7/16,BRF,201809,-,盤後
2018/7/16,BRF,201810,2284.5,一般
2018/7/16,BRF,201810,-,盤後
2018/7/16,BRF,201811,2272.5,一般
2018/7/16,BRF,201811,-,盤後
2018/7/16,BRF,201812,2253,一般
2018/7/16,BRF,201812,-,盤後
2018/7/16,BRF,201906,2169.5,一般
2018/7/16,BRF,201906,-,盤後
2018/7/17,BRF,201809,2197,一般
2018/7/17,BRF,201809,-,盤後
2018/7/17,BRF,201810,2193.5,一般
2018/7/17,BRF,201810,-,盤後
2018/7/17,BRF,201811,2184,一般
2018/7/17,BRF,201811,-,盤後
2018/7/17,BRF,201812,2164.5,一般
2018/7/17,BRF,201812,-,盤後
2018/7/17,BRF,201906,2081,一般
2018/7/17,BRF,201906,-,盤後
2018/7/18,BRF,201809,2191,一般
2018/7/18,BRF,201809,-,盤後
2018/7/18,BRF,201810,2192.5,一般
2018/7/18,BRF,201810,-,盤後
2018/7/18,BRF,201811,2178,一般
2018/7/18,BRF,201811,-,盤後
2018/7/18,BRF,201812,2158.5,一般
2018/7/18,BRF,201812,-,盤後
2018/7/18,BRF,201906,2075,一般
2018/7/18,BRF,201906,-,盤後
2018/7/19,BRF,201809,2228.5,一般
2018/7/19,BRF,201809,-,盤後
2018/7/19,BRF,201810,2229,一般
2018/7/19,BRF,201810,-,盤後
2018/7/19,BRF,201811,2215.5,一般
2018/7/19,BRF,201811,-,盤後
2018/7/19,BRF,201812,2196,一般
2018/7/19,BRF,201812,-,盤後
2018/7/19,BRF,201906,2112.5,一般
2018/7/19,BRF,201906,-,盤後
2018/7/20,BRF,201809,2236,一般
2018/7/20,BRF,201809,-,盤後
2018/7/20,BRF,201810,2240,一般
2018/7/20,BRF,201810,-,盤後
2018/7/20,BRF,201811,2223,一般
2018/7/20,BRF,201811,-,盤後
2018/7/20,BRF,201812,2203.5,一般
2018/7/20,BRF,201812,-,盤後
2018/7/20,BRF,201906,2120,一般
2018/7/20,BRF,201906,-,盤後
2018/7/23,BRF,201809,2228.5,一般
2018/7/23,BRF,201809,-,盤後
2018/7/23,BRF,201810,2230,一般
2018/7/23,BRF,201810,-,盤後
2018/7/23,BRF,201811,2215.5,一般
2018/7/23,BRF,201811,-,盤後
2018/7/23,BRF,201812,2196,一般
2018/7/23,BRF,201812,-,盤後
2018/7/23,BRF,201906,2112.5,一般
2018/7/23,BRF,201906,-,盤後
2018/7/24,BRF,201809,2235,一般
2018/7/24,BRF,201809,-,盤後
2018/7/24,BRF,201810,2239,一般
2018/7/24,BRF,201810,-,盤後
2018/7/24,BRF,201811,2222,一般
2018/7/24,BRF,201811,-,盤後
2018/7/24,BRF,201812,2202.5,一般
2018/7/24,BRF,201812,-,盤後
2018/7/24,BRF,201906,2119,一般
2018/7/24,BRF,201906,-,盤後
2018/7/25,BRF,201809,2265,一般
2018/7/25,BRF,201809,-,盤後
2018/7/25,BRF,201810,2273.5,一般
2018/7/25,BRF,201810,-,盤後
2018/7/25,BRF,201811,2252,一般
2018/7/25,BRF,201811,-,盤後
2018/7/25,BRF,201812,2232.5,一般
2018/7/25,BRF,201812,-,盤後
2018/7/25,BRF,201906,2149,一般
2018/7/25,BRF,201906,-,盤後
2018/7/26,BRF,201809,2269,一般
2018/7/26,BRF,201809,-,盤後
2018/7/26,BRF,201810,2282.5,一般
2018/7/26,BRF,201810,-,盤後
2018/7/26,BRF,201811,2256,一般
2018/7/26,BRF,201811,-,盤後
2018/7/26,BRF,201812,2236.5,一般
2018/7/26,BRF,201812,-,盤後
2018/7/26,BRF,201906,2153,一般
2018/7/26,BRF,201906,-,盤後
2018/7/27,BRF,201809,2278,一般
2018/7/27,BRF,201809,-,盤後
2018/7/27,BRF,201810,2292,一般
2018/7/27,BRF,201810,-,盤後
2018/7/27,BRF,201811,2265,一般
2018/7/27,BRF,201811,-,盤後
2018/7/27,BRF,201812,2245.5,一般
2018/7/27,BRF,201812,-,盤後
2018/7/27,BRF,201906,2162,一般
2018/7/27,BRF,201906,-,盤後
2018/7/30,BRF,201809,2275,一般
2018/7/30,BRF,201809,-,盤後
2018/7/30,BRF,201810,2286.5,一般
2018/7/30,BRF,201810,-,盤後
2018/7/30,BRF,201811,2262,一般
2018/7/30,BRF,201811,-,盤後
2018/7/30,BRF,201812,2242.5,一般
2018/7/30,BRF,201812,-,盤後
2018/7/30,BRF,201906,2159,一般
2018/7/30,BRF,201906,-,盤後
2018/7/31,BRF,201809,2284,一般
2018/7/31,BRF,201809,-,盤後
2018/7/31,BRF,201810,2301,一般
2018/7/31,BRF,201810,-,盤後
2018/7/31,BRF,201811,2271,一般
2018/7/31,BRF,201811,-,盤後
2018/7/31,BRF,201812,2251.5,一般
2018/7/31,BRF,201812,-,盤後
2018/7/31,BRF,201906,2168,一般
2018/7/31,BRF,201906,-,盤後
2018/7/2,BRF,201809/201810     ,-,一般
2018/7/2,BRF,201809/201811     ,-,一般
2018/7/3,BRF,201809/201810     ,-,一般
2018/7/3,BRF,201809/201810     ,-,盤後
2018/7/3,BRF,201809/201811     ,-,一般
2018/7/4,BRF,201809/201810     ,-,一般
2018/7/4,BRF,201809/201810     ,-,盤後
2018/7/5,BRF,201809/201810     ,-,一般
2018/7/5,BRF,201809/201810     ,-,盤後
2018/7/6,BRF,201809/201810     ,-,一般
2018/7/6,BRF,201809/201810     ,-,盤後
2018/7/10,BRF,201809/201810     ,-,一般
2018/7/10,BRF,201809/201810     ,-,盤後
2018/7/11,BRF,201809/201810     ,-,一般
2018/7/12,BRF,201809/201810     ,-,一般
2018/7/12,BRF,201809/201810     ,-,盤後
2018/7/13,BRF,201809/201810     ,-,一般
2018/7/13,BRF,201809/201810     ,-,盤後
2018/7/16,BRF,201809/201810     ,-,一般
2018/7/16,BRF,201809/201810     ,-,盤後
2018/7/17,BRF,201809/201810     ,-,盤後
2018/7/18,BRF,201809/201810     ,-,盤後
2018/7/19,BRF,201809/201810     ,-,一般
2018/7/19,BRF,201809/201810     ,-,盤後
2018/7/20,BRF,201809/201810     ,-,一般
2018/7/20,BRF,201809/201810     ,-,盤後
2018/7/23,BRF,201809/201810     ,-,一般
2018/7/23,BRF,201809/201810     ,-,盤後
2018/7/24,BRF,201809/201810     ,-,盤後
2018/7/25,BRF,201809/201810     ,-,一般
2018/7/26,BRF,201809/201810     ,-,一般
2018/7/26,BRF,201809/201810     ,-,盤後
2018/7/27,BRF,201809/201810     ,-,盤後
2018/7/30,BRF,201809/201810     ,-,一般
2018/7/30,BRF,201809/201810     ,-,盤後
2018/8/1,BRF,201809,2288,一般
2018/8/1,BRF,201809,-,盤後
2018/8/1,BRF,201810,2262.5,一般
2018/8/1,BRF,201810,-,盤後
2018/8/1,BRF,201811,2263.5,一般
2018/8/1,BRF,201811,-,盤後
2018/8/1,BRF,201812,2247.5,一般
2018/8/1,BRF,201812,-,盤後
2018/8/1,BRF,201906,2129.5,一般
2018/8/1,BRF,201906,-,盤後
2018/8/1,BRF,201912,2189.5,一般
2018/8/2,BRF,201810,2218,一般
2018/8/2,BRF,201810,-,盤後
2018/8/2,BRF,201811,2222,一般
2018/8/2,BRF,201811,-,盤後
2018/8/2,BRF,201812,2223,一般
2018/8/2,BRF,201812,-,盤後
2018/8/2,BRF,201906,2085,一般
2018/8/2,BRF,201906,-,盤後
2018/8/2,BRF,201912,2145,一般
2018/8/2,BRF,201912,-,盤後
2018/8/3,BRF,201810,2249,一般
2018/8/3,BRF,201810,-,盤後
2018/8/3,BRF,201811,2250,一般
2018/8/3,BRF,201811,-,盤後
2018/8/3,BRF,201812,2254,一般
2018/8/3,BRF,201812,-,盤後
2018/8/3,BRF,201906,2116,一般
2018/8/3,BRF,201906,-,盤後
2018/8/3,BRF,201912,2176,一般
2018/8/3,BRF,201912,-,盤後
2018/8/6,BRF,201810,2243.5,一般
2018/8/6,BRF,201810,-,盤後
2018/8/6,BRF,201811,2253,一般
2018/8/6,BRF,201811,-,盤後
2018/8/6,BRF,201812,2248.5,一般
2018/8/6,BRF,201812,-,盤後
2018/8/6,BRF,201906,2110.5,一般
2018/8/6,BRF,201906,-,盤後
2018/8/6,BRF,201912,2170.5,一般
2018/8/6,BRF,201912,-,盤後
2018/8/7,BRF,201810,2263,一般
2018/8/7,BRF,201810,-,盤後
2018/8/7,BRF,201811,2274,一般
2018/8/7,BRF,201811,-,盤後
2018/8/7,BRF,201812,2268,一般
2018/8/7,BRF,201812,-,盤後
2018/8/7,BRF,201906,2130,一般
2018/8/7,BRF,201906,-,盤後
2018/8/7,BRF,201912,2190,一般
2018/8/7,BRF,201912,-,盤後
2018/8/8,BRF,201810,2280,一般
2018/8/8,BRF,201810,-,盤後
2018/8/8,BRF,201811,2288.5,一般
2018/8/8,BRF,201811,-,盤後
2018/8/8,BRF,201812,2285,一般
2018/8/8,BRF,201812,-,盤後
2018/8/8,BRF,201906,2147,一般
2018/8/8,BRF,201906,-,盤後
2018/8/8,BRF,201912,2207,一般
2018/8/8,BRF,201912,-,盤後
2018/8/9,BRF,201810,2215.5,一般
2018/8/9,BRF,201810,-,盤後
2018/8/9,BRF,201811,2222.5,一般
2018/8/9,BRF,201811,-,盤後
2018/8/9,BRF,201812,2220.5,一般
2018/8/9,BRF,201812,-,盤後
2018/8/9,BRF,201906,2082.5,一般
2018/8/9,BRF,201906,-,盤後
2018/8/9,BRF,201912,2142.5,一般
2018/8/9,BRF,201912,-,盤後
2018/8/10,BRF,201810,2204,一般
2018/8/10,BRF,201810,-,盤後
2018/8/10,BRF,201811,2208.5,一般
2018/8/10,BRF,201811,-,盤後
2018/8/10,BRF,201812,2209,一般
2018/8/10,BRF,201812,-,盤後
2018/8/10,BRF,201906,2071,一般
2018/8/10,BRF,201906,-,盤後
2018/8/10,BRF,201912,2131,一般
2018/8/10,BRF,201912,-,盤後
2018/8/13,BRF,201810,2237,一般
2018/8/13,BRF,201810,-,盤後
2018/8/13,BRF,201811,2240,一般
2018/8/13,BRF,201811,-,盤後
2018/8/13,BRF,201812,2242,一般
2018/8/13,BRF,201812,-,盤後
2018/8/13,BRF,201906,2104,一般
2018/8/13,BRF,201906,-,盤後
2018/8/13,BRF,201912,2164,一般
2018/8/13,BRF,201912,-,盤後
2018/8/14,BRF,201810,2241.5,一般
2018/8/14,BRF,201810,-,盤後
2018/8/14,BRF,201811,2245,一般
2018/8/14,BRF,201811,-,盤後
2018/8/14,BRF,201812,2246.5,一般
2018/8/14,BRF,201812,-,盤後
2018/8/14,BRF,201906,2108.5,一般
2018/8/14,BRF,201906,-,盤後
2018/8/14,BRF,201912,2168.5,一般
2018/8/14,BRF,201912,-,盤後
2018/8/15,BRF,201810,2229,一般
2018/8/15,BRF,201810,-,盤後
2018/8/15,BRF,201811,2235,一般
2018/8/15,BRF,201811,-,盤後
2018/8/15,BRF,201812,2234,一般
2018/8/15,BRF,201812,-,盤後
2018/8/15,BRF,201906,2096,一般
2018/8/15,BRF,201906,-,盤後
2018/8/15,BRF,201912,2156,一般
2018/8/15,BRF,201912,-,盤後
2018/8/16,BRF,201810,2191.5,一般
2018/8/16,BRF,201810,-,盤後
2018/8/16,BRF,201811,2197,一般
2018/8/16,BRF,201811,-,盤後
2018/8/16,BRF,201812,2197,一般
2018/8/16,BRF,201812,-,盤後
2018/8/16,BRF,201906,2058.5,一般
2018/8/16,BRF,201906,-,盤後
2018/8/16,BRF,201912,2118.5,一般
2018/8/16,BRF,201912,-,盤後
2018/8/17,BRF,201810,2195.5,一般
2018/8/17,BRF,201810,-,盤後
2018/8/17,BRF,201811,2202.5,一般
2018/8/17,BRF,201811,-,盤後
2018/8/17,BRF,201812,2201,一般
2018/8/17,BRF,201812,-,盤後
2018/8/17,BRF,201906,2062.5,一般
2018/8/17,BRF,201906,-,盤後
2018/8/17,BRF,201912,2122.5,一般
2018/8/17,BRF,201912,-,盤後
2018/8/20,BRF,201810,2199,一般
2018/8/20,BRF,201810,-,盤後
2018/8/20,BRF,201811,2203,一般
2018/8/20,BRF,201811,-,盤後
2018/8/20,BRF,201812,2204.5,一般
2018/8/20,BRF,201812,-,盤後
2018/8/20,BRF,201906,2066,一般
2018/8/20,BRF,201906,-,盤後
2018/8/20,BRF,201912,2126,一般
2018/8/20,BRF,201912,-,盤後
2018/8/21,BRF,201810,2218,一般
2018/8/21,BRF,201810,-,盤後
2018/8/21,BRF,201811,2223.5,一般
2018/8/21,BRF,201811,-,盤後
2018/8/21,BRF,201812,2223.5,一般
2018/8/21,BRF,201812,-,盤後
2018/8/21,BRF,201906,2085,一般
2018/8/21,BRF,201906,-,盤後
2018/8/21,BRF,201912,2145,一般
2018/8/21,BRF,201912,-,盤後
2018/8/22,BRF,201810,2237,一般
2018/8/22,BRF,201810,-,盤後
2018/8/22,BRF,201811,2241.5,一般
2018/8/22,BRF,201811,-,盤後
2018/8/22,BRF,201812,2242.5,一般
2018/8/22,BRF,201812,-,盤後
2018/8/22,BRF,201906,2104,一般
2018/8/22,BRF,201906,-,盤後
2018/8/22,BRF,201912,2164,一般
2018/8/22,BRF,201912,-,盤後
2018/8/23,BRF,201810,2294.5,一般
2018/8/23,BRF,201810,-,盤後
2018/8/23,BRF,201811,2299.5,一般
2018/8/23,BRF,201811,-,盤後
2018/8/23,BRF,201812,2300,一般
2018/8/23,BRF,201812,-,盤後
2018/8/23,BRF,201906,2161.5,一般
2018/8/23,BRF,201906,-,盤後
2018/8/23,BRF,201912,2221.5,一般
2018/8/23,BRF,201912,-,盤後
2018/8/24,BRF,201810,2314,一般
2018/8/24,BRF,201810,-,盤後
2018/8/24,BRF,201811,2320,一般
2018/8/24,BRF,201811,-,盤後
2018/8/24,BRF,201812,2319.5,一般
2018/8/24,BRF,201812,-,盤後
2018/8/24,BRF,201906,2181,一般
2018/8/24,BRF,201906,-,盤後
2018/8/24,BRF,201912,2241,一般
2018/8/24,BRF,201912,-,盤後
2018/8/27,BRF,201810,2328,一般
2018/8/27,BRF,201810,-,盤後
2018/8/27,BRF,201811,2334.5,一般
2018/8/27,BRF,201811,-,盤後
2018/8/27,BRF,201812,2333.5,一般
2018/8/27,BRF,201812,-,盤後
2018/8/27,BRF,201906,2195,一般
2018/8/27,BRF,201906,-,盤後
2018/8/27,BRF,201912,2255,一般
2018/8/27,BRF,201912,-,盤後
2018/8/28,BRF,201810,2337.5,一般
2018/8/28,BRF,201810,-,盤後
2018/8/28,BRF,201811,2342,一般
2018/8/28,BRF,201811,-,盤後
2018/8/28,BRF,201812,2343,一般
2018/8/28,BRF,201812,-,盤後
2018/8/28,BRF,201906,2204.5,一般
2018/8/28,BRF,201906,-,盤後
2018/8/28,BRF,201912,2264.5,一般
2018/8/28,BRF,201912,-,盤後
2018/8/29,BRF,201810,2332,一般
2018/8/29,BRF,201810,-,盤後
2018/8/29,BRF,201811,2334.5,一般
2018/8/29,BRF,201811,-,盤後
2018/8/29,BRF,201812,2337.5,一般
2018/8/29,BRF,201812,-,盤後
2018/8/29,BRF,201906,2199,一般
2018/8/29,BRF,201906,-,盤後
2018/8/29,BRF,201912,2259,一般
2018/8/29,BRF,201912,-,盤後
2018/8/30,BRF,201810,2370,一般
2018/8/30,BRF,201810,-,盤後
2018/8/30,BRF,201811,2375,一般
2018/8/30,BRF,201811,-,盤後
2018/8/30,BRF,201812,2375.5,一般
2018/8/30,BRF,201812,-,盤後
2018/8/30,BRF,201906,2237,一般
2018/8/30,BRF,201906,-,盤後
2018/8/30,BRF,201912,2297,一般
2018/8/30,BRF,201912,-,盤後
2018/8/31,BRF,201810,2386,一般
2018/8/31,BRF,201810,-,盤後
2018/8/31,BRF,201811,2392,一般
2018/8/31,BRF,201811,-,盤後
2018/8/31,BRF,201812,2391.5,一般
2018/8/31,BRF,201812,-,盤後
2018/8/31,BRF,201906,2253,一般
2018/8/31,BRF,201906,-,盤後
2018/8/31,BRF,201912,2313,一般
2018/8/31,BRF,201912,-,盤後
2018/8/2,BRF,201810/201811     ,-,一般
2018/8/2,BRF,201810/201811     ,-,盤後
2018/8/3,BRF,201810/201811     ,-,一般
2018/8/3,BRF,201810/201811     ,-,盤後
2018/8/6,BRF,201810/201811     ,-,一般
2018/8/7,BRF,201810/201811     ,-,一般
2018/8/9,BRF,201810/201811     ,-,一般
2018/8/9,BRF,201810/201811     ,-,盤後
2018/8/13,BRF,201810/201811     ,-,一般
2018/8/13,BRF,201810/201811     ,-,盤後
2018/8/14,BRF,201810/201811     ,-,一般
2018/8/14,BRF,201810/201811     ,-,盤後
2018/8/15,BRF,201810/201811     ,-,盤後
2018/8/16,BRF,201810/201811     ,-,一般
2018/8/16,BRF,201810/201811     ,-,盤後
2018/8/17,BRF,201810/201811     ,-,盤後
2018/8/20,BRF,201810/201811     ,-,一般
2018/8/20,BRF,201810/201811     ,-,盤後
2018/8/21,BRF,201810/201811     ,-,一般
2018/8/21,BRF,201810/201811     ,-,盤後
2018/8/22,BRF,201810/201811     ,-,一般
2018/8/23,BRF,201810/201811     ,-,盤後
2018/8/24,BRF,201810/201811     ,-,一般
2018/8/24,BRF,201810/201811     ,-,盤後
2018/8/27,BRF,201810/201811     ,-,盤後
2018/8/28,BRF,201810/201811     ,-,一般
2018/8/29,BRF,201810/201811     ,-,一般
2018/8/29,BRF,201810/201811     ,-,盤後
2018/9/3,BRF,201810,2386,一般
2018/9/3,BRF,201810,-,盤後
2018/9/3,BRF,201811,2375,一般
2018/9/3,BRF,201811,-,盤後
2018/9/3,BRF,201812,2365,一般
2018/9/3,BRF,201812,-,盤後
2018/9/3,BRF,201901,2351.5,一般
2018/9/3,BRF,201906,2236,一般
2018/9/3,BRF,201906,-,盤後
2018/9/3,BRF,201912,2296,一般
2018/9/3,BRF,201912,-,盤後
2018/9/4,BRF,201811,2399,一般
2018/9/4,BRF,201811,-,盤後
2018/9/4,BRF,201812,2385,一般
2018/9/4,BRF,201812,-,盤後
2018/9/4,BRF,201901,2375.5,一般
2018/9/4,BRF,201901,-,盤後
2018/9/4,BRF,201906,2260,一般
2018/9/4,BRF,201906,-,盤後
2018/9/4,BRF,201912,2320,一般
2018/9/4,BRF,201912,-,盤後
2018/9/5,BRF,201811,2390,一般
2018/9/5,BRF,201811,-,盤後
2018/9/5,BRF,201812,2381,一般
2018/9/5,BRF,201812,-,盤後
2018/9/5,BRF,201901,2366.5,一般
2018/9/5,BRF,201901,-,盤後
2018/9/5,BRF,201906,2251,一般
2018/9/5,BRF,201906,-,盤後
2018/9/5,BRF,201912,2311,一般
2018/9/5,BRF,201912,-,盤後
2018/9/6,BRF,201811,2372,一般
2018/9/6,BRF,201811,-,盤後
2018/9/6,BRF,201812,2359,一般
2018/9/6,BRF,201812,-,盤後
2018/9/6,BRF,201901,2351.5,一般
2018/9/6,BRF,201901,-,盤後
2018/9/6,BRF,201906,2233,一般
2018/9/6,BRF,201906,-,盤後
2018/9/6,BRF,201912,2293,一般
2018/9/6,BRF,201912,-,盤後
2018/9/7,BRF,201811,2347.5,一般
2018/9/7,BRF,201811,-,盤後
2018/9/7,BRF,201812,2334,一般
2018/9/7,BRF,201812,-,盤後
2018/9/7,BRF,201901,2327,一般
2018/9/7,BRF,201901,-,盤後
2018/9/7,BRF,201906,2208.5,一般
2018/9/7,BRF,201906,-,盤後
2018/9/7,BRF,201912,2268.5,一般
2018/9/7,BRF,201912,-,盤後
2018/9/10,BRF,201811,2373,一般
2018/9/10,BRF,201811,-,盤後
2018/9/10,BRF,201812,2360,一般
2018/9/10,BRF,201812,-,盤後
2018/9/10,BRF,201901,2352.5,一般
2018/9/10,BRF,201901,-,盤後
2018/9/10,BRF,201906,2234,一般
2018/9/10,BRF,201906,-,盤後
2018/9/10,BRF,201912,2294,一般
2018/9/10,BRF,201912,-,盤後
2018/9/11,BRF,201811,2386.5,一般
2018/9/11,BRF,201811,-,盤後
2018/9/11,BRF,201812,2370.5,一般
2018/9/11,BRF,201812,-,盤後
2018/9/11,BRF,201901,2366,一般
2018/9/11,BRF,201901,-,盤後
2018/9/11,BRF,201906,2247.5,一般
2018/9/11,BRF,201906,-,盤後
2018/9/11,BRF,201912,2307.5,一般
2018/9/11,BRF,201912,-,盤後
2018/9/12,BRF,201811,2444,一般
2018/9/12,BRF,201811,-,盤後
2018/9/12,BRF,201812,2431,一般
2018/9/12,BRF,201812,-,盤後
2018/9/12,BRF,201901,2423.5,一般
2018/9/12,BRF,201901,-,盤後
2018/9/12,BRF,201906,2305,一般
2018/9/12,BRF,201906,-,盤後
2018/9/12,BRF,201912,2365,一般
2018/9/12,BRF,201912,-,盤後
2018/9/13,BRF,201811,2438,一般
2018/9/13,BRF,201811,-,盤後
2018/9/13,BRF,201812,2421,一般
2018/9/13,BRF,201812,-,盤後
2018/9/13,BRF,201901,2417.5,一般
2018/9/13,BRF,201901,-,盤後
2018/9/13,BRF,201906,2299,一般
2018/9/13,BRF,201906,-,盤後
2018/9/13,BRF,201912,2359,一般
2018/9/13,BRF,201912,-,盤後
2018/9/14,BRF,201811,2404.5,一般
2018/9/14,BRF,201811,-,盤後
2018/9/14,BRF,201812,2388,一般
2018/9/14,BRF,201812,-,盤後
2018/9/14,BRF,201901,2384,一般
2018/9/14,BRF,201901,-,盤後
2018/9/14,BRF,201906,2265.5,一般
2018/9/14,BRF,201906,-,盤後
2018/9/14,BRF,201912,2325.5,一般
2018/9/14,BRF,201912,-,盤後
2018/9/17,BRF,201811,2400,一般
2018/9/17,BRF,201811,-,盤後
2018/9/17,BRF,201812,2383.5,一般
2018/9/17,BRF,201812,-,盤後
2018/9/17,BRF,201901,2379.5,一般
2018/9/17,BRF,201901,-,盤後
2018/9/17,BRF,201906,2261,一般
2018/9/17,BRF,201906,-,盤後
2018/9/17,BRF,201912,2321,一般
2018/9/17,BRF,201912,-,盤後
2018/9/18,BRF,201811,2389,一般
2018/9/18,BRF,201811,-,盤後
2018/9/18,BRF,201812,2369.5,一般
2018/9/18,BRF,201812,-,盤後
2018/9/18,BRF,201901,2368.5,一般
2018/9/18,BRF,201901,-,盤後
2018/9/18,BRF,201906,2250,一般
2018/9/18,BRF,201906,-,盤後
2018/9/18,BRF,201912,2310,一般
2018/9/18,BRF,201912,-,盤後
2018/9/19,BRF,201811,2431,一般
2018/9/19,BRF,201811,-,盤後
2018/9/19,BRF,201812,2412,一般
2018/9/19,BRF,201812,-,盤後
2018/9/19,BRF,201901,2410.5,一般
2018/9/19,BRF,201901,-,盤後
2018/9/19,BRF,201906,2292,一般
2018/9/19,BRF,201906,-,盤後
2018/9/19,BRF,201912,2352,一般
2018/9/19,BRF,201912,-,盤後
2018/9/20,BRF,201811,2448.5,一般
2018/9/20,BRF,201811,-,盤後
2018/9/20,BRF,201812,2430,一般
2018/9/20,BRF,201812,-,盤後
2018/9/20,BRF,201901,2428,一般
2018/9/20,BRF,201901,-,盤後
2018/9/20,BRF,201906,2309.5,一般
2018/9/20,BRF,201906,-,盤後
2018/9/20,BRF,201912,2369.5,一般
2018/9/20,BRF,201912,-,盤後
2018/9/21,BRF,201811,2420,一般
2018/9/21,BRF,201811,-,盤後
2018/9/21,BRF,201812,2399.5,一般
2018/9/21,BRF,201812,-,盤後
2018/9/21,BRF,201901,2399.5,一般
2018/9/21,BRF,201901,-,盤後
2018/9/21,BRF,201906,2281,一般
2018/9/21,BRF,201906,-,盤後
2018/9/21,BRF,201912,2341,一般
2018/9/21,BRF,201912,-,盤後
2018/9/25,BRF,201811,2496,一般
2018/9/25,BRF,201811,-,盤後
2018/9/25,BRF,201812,2467.5,一般
2018/9/25,BRF,201812,-,盤後
2018/9/25,BRF,201901,2475.5,一般
2018/9/25,BRF,201901,-,盤後
2018/9/25,BRF,201906,2357,一般
2018/9/25,BRF,201906,-,盤後
2018/9/25,BRF,201912,2417,一般
2018/9/25,BRF,201912,-,盤後
2018/9/26,BRF,201811,2508.5,一般
2018/9/26,BRF,201811,-,盤後
2018/9/26,BRF,201812,2482,一般
2018/9/26,BRF,201812,-,盤後
2018/9/26,BRF,201901,2488,一般
2018/9/26,BRF,201901,-,盤後
2018/9/26,BRF,201906,2369.5,一般
2018/9/26,BRF,201906,-,盤後
2018/9/26,BRF,201912,2429.5,一般
2018/9/26,BRF,201912,-,盤後
2018/9/27,BRF,201811,2508.5,一般
2018/9/27,BRF,201811,-,盤後
2018/9/27,BRF,201812,2488.5,一般
2018/9/27,BRF,201812,-,盤後
2018/9/27,BRF,201901,2488,一般
2018/9/27,BRF,201901,-,盤後
2018/9/27,BRF,201906,2369.5,一般
2018/9/27,BRF,201906,-,盤後
2018/9/27,BRF,201912,2429.5,一般
2018/9/27,BRF,201912,-,盤後
2018/9/28,BRF,201811,2501,一般
2018/9/28,BRF,201811,-,盤後
2018/9/28,BRF,201812,2481,一般
2018/9/28,BRF,201812,-,盤後
2018/9/28,BRF,201901,2480.5,一般
2018/9/28,BRF,201901,-,盤後
2018/9/28,BRF,201906,2362,一般
2018/9/28,BRF,201906,-,盤後
2018/9/28,BRF,201912,2422,一般
2018/9/28,BRF,201912,-,盤後
2018/9/3,BRF,201811/201812     ,-,一般
2018/9/4,BRF,201811/201812     ,-,一般
2018/9/4,BRF,201811/201812     ,-,盤後
2018/9/5,BRF,201811/201812     ,-,一般
2018/9/5,BRF,201811/201812     ,-,盤後
2018/9/6,BRF,201811/201812     ,-,一般
2018/9/7,BRF,201811/201812     ,-,盤後
2018/9/10,BRF,201811/201812     ,-,一般
2018/9/11,BRF,201811/201812     ,-,一般
2018/9/11,BRF,201811/201812     ,-,盤後
2018/9/21,BRF,201811/201812     ,-,一般
2018/9/21,BRF,201811/201812     ,-,盤後
2018/9/25,BRF,201811/201812     ,-,一般
2018/9/25,BRF,201811/201812     ,-,盤後
2018/9/26,BRF,201811/201812     ,-,一般
2018/9/26,BRF,201811/201812     ,-,盤後
2018/10/1,BRF,201811,2520,一般
2018/10/1,BRF,201811,-,盤後
2018/10/1,BRF,201812,2532,一般
2018/10/1,BRF,201812,-,盤後
2018/10/1,BRF,201901,2531.5,一般
2018/10/1,BRF,201901,-,盤後
2018/10/1,BRF,201902,2513,一般
2018/10/1,BRF,201906,2413,一般
2018/10/1,BRF,201906,-,盤後
2018/10/1,BRF,201912,2473,一般
2018/10/1,BRF,201912,-,盤後
2018/10/2,BRF,201812,2598,一般
2018/10/2,BRF,201812,-,盤後
2018/10/2,BRF,201901,2580,一般
2018/10/2,BRF,201901,-,盤後
2018/10/2,BRF,201902,2579,一般
2018/10/2,BRF,201902,-,盤後
2018/10/2,BRF,201906,2479,一般
2018/10/2,BRF,201906,-,盤後
2018/10/2,BRF,201912,2539,一般
2018/10/2,BRF,201912,-,盤後
2018/10/3,BRF,201812,2596,一般
2018/10/3,BRF,201812,-,盤後
2018/10/3,BRF,201901,2580.5,一般
2018/10/3,BRF,201901,-,盤後
2018/10/3,BRF,201902,2559.5,一般
2018/10/3,BRF,201902,-,盤後
2018/10/3,BRF,201906,2477,一般
2018/10/3,BRF,201906,-,盤後
2018/10/3,BRF,201912,2537,一般
2018/10/3,BRF,201912,-,盤後
2018/10/4,BRF,201812,2646,一般
2018/10/4,BRF,201812,-,盤後
2018/10/4,BRF,201901,2626.5,一般
2018/10/4,BRF,201901,-,盤後
2018/10/4,BRF,201902,2608.5,一般
2018/10/4,BRF,201902,-,盤後
2018/10/4,BRF,201906,2527,一般
2018/10/4,BRF,201906,-,盤後
2018/10/4,BRF,201912,2587,一般
2018/10/4,BRF,201912,-,盤後
2018/10/5,BRF,201812,2616,一般
2018/10/5,BRF,201812,-,盤後
2018/10/5,BRF,201901,2600,一般
2018/10/5,BRF,201901,-,盤後
2018/10/5,BRF,201902,2582,一般
2018/10/5,BRF,201902,-,盤後
2018/10/5,BRF,201906,2497,一般
2018/10/5,BRF,201906,-,盤後
2018/10/5,BRF,201912,2557,一般
2018/10/5,BRF,201912,-,盤後
2018/10/8,BRF,201812,2572.5,一般
2018/10/8,BRF,201812,-,盤後
2018/10/8,BRF,201901,2558.5,一般
2018/10/8,BRF,201901,-,盤後
2018/10/8,BRF,201902,2564,一般
2018/10/8,BRF,201902,-,盤後
2018/10/8,BRF,201906,2453.5,一般
2018/10/8,BRF,201906,-,盤後
2018/10/8,BRF,201912,2513.5,一般
2018/10/8,BRF,201912,-,盤後
2018/10/9,BRF,201812,2612,一般
2018/10/9,BRF,201812,-,盤後
2018/10/9,BRF,201901,2595.5,一般
2018/10/9,BRF,201901,-,盤後
2018/10/9,BRF,201902,2570.5,一般
2018/10/9,BRF,201902,-,盤後
2018/10/9,BRF,201906,2493,一般
2018/10/9,BRF,201906,-,盤後
2018/10/9,BRF,201912,2553,一般
2018/10/9,BRF,201912,-,盤後
2018/10/11,BRF,201812,2540,一般
2018/10/11,BRF,201812,-,盤後
2018/10/11,BRF,201901,2516,一般
2018/10/11,BRF,201901,-,盤後
2018/10/11,BRF,201902,2498.5,一般
2018/10/11,BRF,201902,-,盤後
2018/10/11,BRF,201906,2421,一般
2018/10/11,BRF,201906,-,盤後
2018/10/11,BRF,201912,2481,一般
2018/10/11,BRF,201912,-,盤後
2018/10/12,BRF,201812,2499.5,一般
2018/10/12,BRF,201812,-,盤後
2018/10/12,BRF,201901,2484.5,一般
2018/10/12,BRF,201901,-,盤後
2018/10/12,BRF,201902,2458,一般
2018/10/12,BRF,201902,-,盤後
2018/10/12,BRF,201906,2416,一般
2018/10/12,BRF,201906,-,盤後
2018/10/12,BRF,201912,2440.5,一般
2018/10/12,BRF,201912,-,盤後
2018/10/15,BRF,201812,2512,一般
2018/10/15,BRF,201812,-,盤後
2018/10/15,BRF,201901,2498.5,一般
2018/10/15,BRF,201901,-,盤後
2018/10/15,BRF,201902,2470.5,一般
2018/10/15,BRF,201902,-,盤後
2018/10/15,BRF,201906,2428.5,一般
2018/10/15,BRF,201906,-,盤後
2018/10/15,BRF,201912,2453,一般
2018/10/15,BRF,201912,-,盤後
2018/10/16,BRF,201812,2499,一般
2018/10/16,BRF,201812,-,盤後
2018/10/16,BRF,201901,2484,一般
2018/10/16,BRF,201901,-,盤後
2018/10/16,BRF,201902,2464.5,一般
2018/10/16,BRF,201902,-,盤後
2018/10/16,BRF,201906,2415.5,一般
2018/10/16,BRF,201906,-,盤後
2018/10/16,BRF,201912,2440,一般
2018/10/16,BRF,201912,-,盤後
2018/10/17,BRF,201812,2506.5,一般
2018/10/17,BRF,201812,-,盤後
2018/10/17,BRF,201901,2493,一般
2018/10/17,BRF,201901,-,盤後
2018/10/17,BRF,201902,2474.5,一般
2018/10/17,BRF,201902,-,盤後
2018/10/17,BRF,201906,2423,一般
2018/10/17,BRF,201906,-,盤後
2018/10/17,BRF,201912,2447.5,一般
2018/10/17,BRF,201912,-,盤後
2018/10/18,BRF,201812,2468,一般
2018/10/18,BRF,201812,-,盤後
2018/10/18,BRF,201901,2457.5,一般
2018/10/18,BRF,201901,-,盤後
2018/10/18,BRF,201902,2436,一般
2018/10/18,BRF,201902,-,盤後
2018/10/18,BRF,201906,2384.5,一般
2018/10/18,BRF,201906,-,盤後
2018/10/18,BRF,201912,2409,一般
2018/10/18,BRF,201912,-,盤後
2018/10/19,BRF,201812,2457,一般
2018/10/19,BRF,201812,-,盤後
2018/10/19,BRF,201901,2436.5,一般
2018/10/19,BRF,201901,-,盤後
2018/10/19,BRF,201902,2425,一般
2018/10/19,BRF,201902,-,盤後
2018/10/19,BRF,201906,2373.5,一般
2018/10/19,BRF,201906,-,盤後
2018/10/19,BRF,201912,2398,一般
2018/10/19,BRF,201912,-,盤後
2018/10/22,BRF,201812,2469,一般
2018/10/22,BRF,201812,-,盤後
2018/10/22,BRF,201901,2448,一般
2018/10/22,BRF,201901,-,盤後
2018/10/22,BRF,201902,2437,一般
2018/10/22,BRF,201902,-,盤後
2018/10/22,BRF,201906,2385.5,一般
2018/10/22,BRF,201906,-,盤後
2018/10/22,BRF,201912,2410,一般
2018/10/22,BRF,201912,-,盤後
2018/10/23,BRF,201812,2460,一般
2018/10/23,BRF,201812,-,盤後
2018/10/23,BRF,201901,2444,一般
2018/10/23,BRF,201901,-,盤後
2018/10/23,BRF,201902,2428,一般
2018/10/23,BRF,201902,-,盤後
2018/10/23,BRF,201906,2376.5,一般
2018/10/23,BRF,201906,-,盤後
2018/10/23,BRF,201912,2401,一般
2018/10/23,BRF,201912,-,盤後
2018/10/24,BRF,201812,2368.5,一般
2018/10/24,BRF,201812,-,盤後
2018/10/24,BRF,201901,2360,一般
2018/10/24,BRF,201901,-,盤後
2018/10/24,BRF,201902,2336.5,一般
2018/10/24,BRF,201902,-,盤後
2018/10/24,BRF,201906,2285,一般
2018/10/24,BRF,201906,-,盤後
2018/10/24,BRF,201912,2309.5,一般
2018/10/24,BRF,201912,-,盤後
2018/10/25,BRF,201812,2343,一般
2018/10/25,BRF,201812,-,盤後
2018/10/25,BRF,201901,2337,一般
2018/10/25,BRF,201901,-,盤後
2018/10/25,BRF,201902,2311,一般
2018/10/25,BRF,201902,-,盤後
2018/10/25,BRF,201906,2259.5,一般
2018/10/25,BRF,201906,-,盤後
2018/10/25,BRF,201912,2284,一般
2018/10/25,BRF,201912,-,盤後
2018/10/26,BRF,201812,2366,一般
2018/10/26,BRF,201812,-,盤後
2018/10/26,BRF,201901,2362,一般
2018/10/26,BRF,201901,-,盤後
2018/10/26,BRF,201902,2334,一般
2018/10/26,BRF,201902,-,盤後
2018/10/26,BRF,201906,2282.5,一般
2018/10/26,BRF,201906,-,盤後
2018/10/26,BRF,201912,2307,一般
2018/10/26,BRF,201912,-,盤後
2018/10/29,BRF,201812,2399,一般
2018/10/29,BRF,201812,-,盤後
2018/10/29,BRF,201901,2397.5,一般
2018/10/29,BRF,201901,-,盤後
2018/10/29,BRF,201902,2360,一般
2018/10/29,BRF,201902,-,盤後
2018/10/29,BRF,201906,2315.5,一般
2018/10/29,BRF,201906,-,盤後
2018/10/29,BRF,201912,2340,一般
2018/10/29,BRF,201912,-,盤後
2018/10/30,BRF,201812,2389.5,一般
2018/10/30,BRF,201812,-,盤後
2018/10/30,BRF,201901,2383.5,一般
2018/10/30,BRF,201901,-,盤後
2018/10/30,BRF,201902,2350.5,一般
2018/10/30,BRF,201902,-,盤後
2018/10/30,BRF,201906,2306,一般
2018/10/30,BRF,201906,-,盤後
2018/10/30,BRF,201912,2330.5,一般
2018/10/30,BRF,201912,-,盤後
2018/10/31,BRF,201812,2361,一般
2018/10/31,BRF,201812,-,盤後
2018/10/31,BRF,201901,2360,一般
2018/10/31,BRF,201901,-,盤後
2018/10/31,BRF,201902,2354.5,一般
2018/10/31,BRF,201902,-,盤後
2018/10/31,BRF,201906,2277.5,一般
2018/10/31,BRF,201906,-,盤後
2018/10/31,BRF,201912,2302,一般
2018/10/31,BRF,201912,-,盤後
2018/10/2,BRF,201812/201901     ,-,一般
2018/10/5,BRF,201812/201901     ,-,一般
2018/10/5,BRF,201812/201901     ,-,盤後
2018/10/8,BRF,201812/201901     ,-,一般
2018/10/11,BRF,201812/201901     ,-,一般
2018/10/11,BRF,201812/201901     ,-,盤後
2018/10/12,BRF,201812/201901     ,-,盤後
2018/10/15,BRF,201812/201901     ,-,一般
2018/10/15,BRF,201812/201901     ,-,盤後
2018/10/16,BRF,201812/201901     ,-,盤後
2018/10/18,BRF,201812/201901     ,-,一般
2018/10/18,BRF,201812/201901     ,-,盤後
2018/10/25,BRF,201812/201901     ,-,盤後
2018/10/30,BRF,201812/201901     ,-,一般
2018/11/1,BRF,201812,2372,一般
2018/11/1,BRF,201812,-,盤後
2018/11/1,BRF,201901,2302,一般
2018/11/1,BRF,201901,-,盤後
2018/11/1,BRF,201902,2305,一般
2018/11/1,BRF,201902,-,盤後
2018/11/1,BRF,201903,2317.5,一般
2018/11/1,BRF,201906,2219.5,一般
2018/11/1,BRF,201906,-,盤後
2018/11/1,BRF,201912,2244,一般
2018/11/1,BRF,201912,-,盤後
2018/11/2,BRF,201901,2245.5,一般
2018/11/2,BRF,201901,-,盤後
2018/11/2,BRF,201902,2247.5,一般
2018/11/2,BRF,201902,-,盤後
2018/11/2,BRF,201903,2261,一般
2018/11/2,BRF,201903,-,盤後
2018/11/2,BRF,201906,2163,一般
2018/11/2,BRF,201906,-,盤後
2018/11/2,BRF,201912,2187.5,一般
2018/11/2,BRF,201912,-,盤後
2018/11/5,BRF,201901,2220.5,一般
2018/11/5,BRF,201901,-,盤後
2018/11/5,BRF,201902,2217,一般
2018/11/5,BRF,201902,-,盤後
2018/11/5,BRF,201903,2236,一般
2018/11/5,BRF,201903,-,盤後
2018/11/5,BRF,201906,2138,一般
2018/11/5,BRF,201906,-,盤後
2018/11/5,BRF,201912,2162.5,一般
2018/11/5,BRF,201912,-,盤後
2018/11/6,BRF,201901,2236.5,一般
2018/11/6,BRF,201901,-,盤後
2018/11/6,BRF,201902,2233,一般
2018/11/6,BRF,201902,-,盤後
2018/11/6,BRF,201903,2252,一般
2018/11/6,BRF,201903,-,盤後
2018/11/6,BRF,201906,2154,一般
2018/11/6,BRF,201906,-,盤後
2018/11/6,BRF,201912,2178.5,一般
2018/11/6,BRF,201912,-,盤後
2018/11/7,BRF,201901,2206.5,一般
2018/11/7,BRF,201901,-,盤後
2018/11/7,BRF,201902,2205,一般
2018/11/7,BRF,201902,-,盤後
2018/11/7,BRF,201903,2222,一般
2018/11/7,BRF,201903,-,盤後
2018/11/7,BRF,201906,2124,一般
2018/11/7,BRF,201906,-,盤後
2018/11/7,BRF,201912,2148.5,一般
2018/11/7,BRF,201912,-,盤後
2018/11/8,BRF,201901,2205,一般
2018/11/8,BRF,201901,-,盤後
2018/11/8,BRF,201902,2202,一般
2018/11/8,BRF,201902,-,盤後
2018/11/8,BRF,201903,2220.5,一般
2018/11/8,BRF,201903,-,盤後
2018/11/8,BRF,201906,2122.5,一般
2018/11/8,BRF,201906,-,盤後
2018/11/8,BRF,201912,2147,一般
2018/11/8,BRF,201912,-,盤後
2018/11/9,BRF,201901,2169,一般
2018/11/9,BRF,201901,-,盤後
2018/11/9,BRF,201902,2174.5,一般
2018/11/9,BRF,201902,-,盤後
2018/11/9,BRF,201903,2184.5,一般
2018/11/9,BRF,201903,-,盤後
2018/11/9,BRF,201906,2086.5,一般
2018/11/9,BRF,201906,-,盤後
2018/11/9,BRF,201912,2111,一般
2018/11/9,BRF,201912,-,盤後
2018/11/12,BRF,201901,2195,一般
2018/11/12,BRF,201901,-,盤後
2018/11/12,BRF,201902,2195.5,一般
2018/11/12,BRF,201902,-,盤後
2018/11/12,BRF,201903,2210.5,一般
2018/11/12,BRF,201903,-,盤後
2018/11/12,BRF,201906,2112.5,一般
2018/11/12,BRF,201906,-,盤後
2018/11/12,BRF,201912,2137,一般
2018/11/12,BRF,201912,-,盤後
2018/11/13,BRF,201901,2138.5,一般
2018/11/13,BRF,201901,-,盤後
2018/11/13,BRF,201902,2141.5,一般
2018/11/13,BRF,201902,-,盤後
2018/11/13,BRF,201903,2154,一般
2018/11/13,BRF,201903,-,盤後
2018/11/13,BRF,201906,2056,一般
2018/11/13,BRF,201906,-,盤後
2018/11/13,BRF,201912,2080.5,一般
2018/11/13,BRF,201912,-,盤後
2018/11/14,BRF,201901,2015.5,一般
2018/11/14,BRF,201901,-,盤後
2018/11/14,BRF,201902,2018,一般
2018/11/14,BRF,201902,-,盤後
2018/11/14,BRF,201903,2031,一般
2018/11/14,BRF,201903,-,盤後
2018/11/14,BRF,201906,1933,一般
2018/11/14,BRF,201906,-,盤後
2018/11/14,BRF,201912,1957.5,一般
2018/11/14,BRF,201912,-,盤後
2018/11/15,BRF,201901,2030,一般
2018/11/15,BRF,201901,-,盤後
2018/11/15,BRF,201902,2043.5,一般
2018/11/15,BRF,201902,-,盤後
2018/11/15,BRF,201903,2045.5,一般
2018/11/15,BRF,201903,-,盤後
2018/11/15,BRF,201906,1947.5,一般
2018/11/15,BRF,201906,-,盤後
2018/11/15,BRF,201912,1972,一般
2018/11/15,BRF,201912,-,盤後
2018/11/16,BRF,201901,2071,一般
2018/11/16,BRF,201901,-,盤後
2018/11/16,BRF,201902,2076.5,一般
2018/11/16,BRF,201902,-,盤後
2018/11/16,BRF,201903,2086.5,一般
2018/11/16,BRF,201903,-,盤後
2018/11/16,BRF,201906,1988.5,一般
2018/11/16,BRF,201906,-,盤後
2018/11/16,BRF,201912,2013,一般
2018/11/16,BRF,201912,-,盤後
2018/11/19,BRF,201901,2080,一般
2018/11/19,BRF,201901,-,盤後
2018/11/19,BRF,201902,2084,一般
2018/11/19,BRF,201902,-,盤後
2018/11/19,BRF,201903,2095.5,一般
2018/11/19,BRF,201903,-,盤後
2018/11/19,BRF,201906,1997.5,一般
2018/11/19,BRF,201906,-,盤後
2018/11/19,BRF,201912,2022,一般
2018/11/19,BRF,201912,-,盤後
2018/11/20,BRF,201901,2050,一般
2018/11/20,BRF,201901,-,盤後
2018/11/20,BRF,201902,2063,一般
2018/11/20,BRF,201902,-,盤後
2018/11/20,BRF,201903,2065.5,一般
2018/11/20,BRF,201903,-,盤後
2018/11/20,BRF,201906,1967.5,一般
2018/11/20,BRF,201906,-,盤後
2018/11/20,BRF,201912,1992,一般
2018/11/20,BRF,201912,-,盤後
2018/11/21,BRF,201901,1953.5,一般
2018/11/21,BRF,201901,-,盤後
2018/11/21,BRF,201902,1962,一般
2018/11/21,BRF,201902,-,盤後
2018/11/21,BRF,201903,1969,一般
2018/11/21,BRF,201903,-,盤後
2018/11/21,BRF,201906,1871,一般
2018/11/21,BRF,201906,-,盤後
2018/11/21,BRF,201912,1895.5,一般
2018/11/21,BRF,201912,-,盤後
2018/11/22,BRF,201901,1947,一般
2018/11/22,BRF,201901,-,盤後
2018/11/22,BRF,201902,1957.5,一般
2018/11/22,BRF,201902,-,盤後
2018/11/22,BRF,201903,1962.5,一般
2018/11/22,BRF,201903,-,盤後
2018/11/22,BRF,201906,1864.5,一般
2018/11/22,BRF,201906,-,盤後
2018/11/22,BRF,201912,1889,一般
2018/11/22,BRF,201912,-,盤後
2018/11/23,BRF,201901,1912.5,一般
2018/11/23,BRF,201901,-,盤後
2018/11/23,BRF,201902,1918,一般
2018/11/23,BRF,201902,-,盤後
2018/11/23,BRF,201903,1928,一般
2018/11/23,BRF,201903,-,盤後
2018/11/23,BRF,201906,1830,一般
2018/11/23,BRF,201906,-,盤後
2018/11/23,BRF,201912,1854.5,一般
2018/11/23,BRF,201912,-,盤後
2018/11/26,BRF,201901,1842,一般
2018/11/26,BRF,201901,-,盤後
2018/11/26,BRF,201902,1842,一般
2018/11/26,BRF,201902,-,盤後
2018/11/26,BRF,201903,1857.5,一般
2018/11/26,BRF,201903,-,盤後
2018/11/26,BRF,201906,1759.5,一般
2018/11/26,BRF,201906,-,盤後
2018/11/26,BRF,201912,1784,一般
2018/11/26,BRF,201912,-,盤後
2018/11/27,BRF,201901,1862.5,一般
2018/11/27,BRF,201901,-,盤後
2018/11/27,BRF,201902,1861,一般
2018/11/27,BRF,201902,-,盤後
2018/11/27,BRF,201903,1878,一般
2018/11/27,BRF,201903,-,盤後
2018/11/27,BRF,201906,1780,一般
2018/11/27,BRF,201906,-,盤後
2018/11/27,BRF,201912,1804.5,一般
2018/11/27,BRF,201912,-,盤後
2018/11/28,BRF,201901,1884,一般
2018/11/28,BRF,201901,-,盤後
2018/11/28,BRF,201902,1881,一般
2018/11/28,BRF,201902,-,盤後
2018/11/28,BRF,201903,1899.5,一般
2018/11/28,BRF,201903,-,盤後
2018/11/28,BRF,201906,1801.5,一般
2018/11/28,BRF,201906,-,盤後
2018/11/28,BRF,201912,1826,一般
2018/11/28,BRF,201912,-,盤後
2018/11/29,BRF,201901,1818,一般
2018/11/29,BRF,201901,-,盤後
2018/11/29,BRF,201902,1814.5,一般
2018/11/29,BRF,201902,-,盤後
2018/11/29,BRF,201903,1833.5,一般
2018/11/29,BRF,201903,-,盤後
2018/11/29,BRF,201906,1735.5,一般
2018/11/29,BRF,201906,-,盤後
2018/11/29,BRF,201912,1760,一般
2018/11/29,BRF,201912,-,盤後
2018/11/30,BRF,201901,1836,一般
2018/11/30,BRF,201901,-,盤後
2018/11/30,BRF,201902,1848,一般
2018/11/30,BRF,201902,-,盤後
2018/11/30,BRF,201903,1846,一般
2018/11/30,BRF,201903,-,盤後
2018/11/30,BRF,201906,1753.5,一般
2018/11/30,BRF,201906,-,盤後
2018/11/30,BRF,201912,1778,一般
2018/11/30,BRF,201912,-,盤後
2018/11/1,BRF,201812/201901     ,-,盤後
2018/11/2,BRF,201901/201902     ,-,一般
2018/11/2,BRF,201901/201902     ,-,盤後
2018/11/9,BRF,201901/201902     ,-,一般
2018/11/13,BRF,201901/201902     ,-,一般
2018/11/26,BRF,201901/201902     ,-,一般
2018/11/29,BRF,201901/201902     ,-,一般
2018/11/30,BRF,201901/201902     ,-,一般
2018/12/3,BRF,201901,1793,一般
2018/12/3,BRF,201901,-,盤後
2018/12/3,BRF,201902,1915,一般
2018/12/3,BRF,201902,-,盤後
2018/12/3,BRF,201903,1913,一般
2018/12/3,BRF,201903,-,盤後
2018/12/3,BRF,201904,1923.5,一般
2018/12/3,BRF,201906,1820.5,一般
2018/12/3,BRF,201906,-,盤後
2018/12/3,BRF,201912,1845,一般
2018/12/3,BRF,201912,-,盤後
2018/12/4,BRF,201902,1899,一般
2018/12/4,BRF,201902,-,盤後
2018/12/4,BRF,201903,1903.5,一般
2018/12/4,BRF,201903,-,盤後
2018/12/4,BRF,201904,1907.5,一般
2018/12/4,BRF,201904,-,盤後
2018/12/4,BRF,201906,1804.5,一般
2018/12/4,BRF,201906,-,盤後
2018/12/4,BRF,201912,1829,一般
2018/12/4,BRF,201912,-,盤後
2018/12/5,BRF,201902,1873.5,一般
2018/12/5,BRF,201902,-,盤後
2018/12/5,BRF,201903,1876.5,一般
2018/12/5,BRF,201903,-,盤後
2018/12/5,BRF,201904,1877,一般
2018/12/5,BRF,201904,-,盤後
2018/12/5,BRF,201906,1779,一般
2018/12/5,BRF,201906,-,盤後
2018/12/5,BRF,201912,1803.5,一般
2018/12/5,BRF,201912,-,盤後
2018/12/6,BRF,201902,1877,一般
2018/12/6,BRF,201902,-,盤後
2018/12/6,BRF,201903,1881,一般
2018/12/6,BRF,201903,-,盤後
2018/12/6,BRF,201904,1880.5,一般
2018/12/6,BRF,201904,-,盤後
2018/12/6,BRF,201906,1782.5,一般
2018/12/6,BRF,201906,-,盤後
2018/12/6,BRF,201912,1807,一般
2018/12/6,BRF,201912,-,盤後
2018/12/7,BRF,201902,1829.5,一般
2018/12/7,BRF,201902,-,盤後
2018/12/7,BRF,201903,1834,一般
2018/12/7,BRF,201903,-,盤後
2018/12/7,BRF,201904,1833,一般
2018/12/7,BRF,201904,-,盤後
2018/12/7,BRF,201906,1735,一般
2018/12/7,BRF,201906,-,盤後
2018/12/7,BRF,201912,1759.5,一般
2018/12/7,BRF,201912,-,盤後
2018/12/10,BRF,201902,1910,一般
2018/12/10,BRF,201902,-,盤後
2018/12/10,BRF,201903,1913.5,一般
2018/12/10,BRF,201903,-,盤後
2018/12/10,BRF,201904,1913.5,一般
2018/12/10,BRF,201904,-,盤後
2018/12/10,BRF,201906,1815.5,一般
2018/12/10,BRF,201906,-,盤後
2018/12/10,BRF,201912,1840,一般
2018/12/10,BRF,201912,-,盤後
2018/12/11,BRF,201902,1850.5,一般
2018/12/11,BRF,201902,-,盤後
2018/12/11,BRF,201903,1856.5,一般
2018/12/11,BRF,201903,-,盤後
2018/12/11,BRF,201904,1854,一般
2018/12/11,BRF,201904,-,盤後
2018/12/11,BRF,201906,1756,一般
2018/12/11,BRF,201906,-,盤後
2018/12/11,BRF,201912,1780.5,一般
2018/12/11,BRF,201912,-,盤後
2018/12/12,BRF,201902,1867.5,一般
2018/12/12,BRF,201902,-,盤後
2018/12/12,BRF,201903,1870,一般
2018/12/12,BRF,201903,-,盤後
2018/12/12,BRF,201904,1871,一般
2018/12/12,BRF,201904,-,盤後
2018/12/12,BRF,201906,1773,一般
2018/12/12,BRF,201906,-,盤後
2018/12/12,BRF,201912,1797.5,一般
2018/12/12,BRF,201912,-,盤後
2018/12/13,BRF,201902,1860.5,一般
2018/12/13,BRF,201902,-,盤後
2018/12/13,BRF,201903,1860,一般
2018/12/13,BRF,201903,-,盤後
2018/12/13,BRF,201904,1864,一般
2018/12/13,BRF,201904,-,盤後
2018/12/13,BRF,201906,1766,一般
2018/12/13,BRF,201906,-,盤後
2018/12/13,BRF,201912,1790.5,一般
2018/12/13,BRF,201912,-,盤後
2018/12/14,BRF,201902,1880,一般
2018/12/14,BRF,201902,-,盤後
2018/12/14,BRF,201903,1880,一般
2018/12/14,BRF,201903,-,盤後
2018/12/14,BRF,201904,1883.5,一般
2018/12/14,BRF,201904,-,盤後
2018/12/14,BRF,201906,1785.5,一般
2018/12/14,BRF,201906,-,盤後
2018/12/14,BRF,201912,1810,一般
2018/12/14,BRF,201912,-,盤後
2018/12/17,BRF,201902,1858.5,一般
2018/12/17,BRF,201902,-,盤後
2018/12/17,BRF,201903,1860,一般
2018/12/17,BRF,201903,-,盤後
2018/12/17,BRF,201904,1862,一般
2018/12/17,BRF,201904,-,盤後
2018/12/17,BRF,201906,1764,一般
2018/12/17,BRF,201906,-,盤後
2018/12/17,BRF,201912,1788.5,一般
2018/12/17,BRF,201912,-,盤後
2018/12/18,BRF,201902,1808.5,一般
2018/12/18,BRF,201902,-,盤後
2018/12/18,BRF,201903,1802.5,一般
2018/12/18,BRF,201903,-,盤後
2018/12/18,BRF,201904,1812,一般
2018/12/18,BRF,201904,-,盤後
2018/12/18,BRF,201906,1714,一般
2018/12/18,BRF,201906,-,盤後
2018/12/18,BRF,201912,1738.5,一般
2018/12/18,BRF,201912,-,盤後
2018/12/19,BRF,201902,1741,一般
2018/12/19,BRF,201902,-,盤後
2018/12/19,BRF,201903,1734,一般
2018/12/19,BRF,201903,-,盤後
2018/12/19,BRF,201904,1744.5,一般
2018/12/19,BRF,201904,-,盤後
2018/12/19,BRF,201906,1646.5,一般
2018/12/19,BRF,201906,-,盤後
2018/12/19,BRF,201912,1671,一般
2018/12/19,BRF,201912,-,盤後
2018/12/20,BRF,201902,1731,一般
2018/12/20,BRF,201902,-,盤後
2018/12/20,BRF,201903,1736,一般
2018/12/20,BRF,201903,-,盤後
2018/12/20,BRF,201904,1734.5,一般
2018/12/20,BRF,201904,-,盤後
2018/12/20,BRF,201906,1636.5,一般
2018/12/20,BRF,201906,-,盤後
2018/12/20,BRF,201912,1661,一般
2018/12/20,BRF,201912,-,盤後
2018/12/21,BRF,201902,1678,一般
2018/12/21,BRF,201902,-,盤後
2018/12/21,BRF,201903,1684,一般
2018/12/21,BRF,201903,-,盤後
2018/12/21,BRF,201904,1681.5,一般
2018/12/21,BRF,201904,-,盤後
2018/12/21,BRF,201906,1583.5,一般
2018/12/21,BRF,201906,-,盤後
2018/12/21,BRF,201912,1608,一般
2018/12/21,BRF,201912,-,盤後
2018/12/22,BRF,201902,1650,一般
2018/12/22,BRF,201902,-,盤後
2018/12/22,BRF,201903,1656,一般
2018/12/22,BRF,201903,-,盤後
2018/12/22,BRF,201904,1653.5,一般
2018/12/22,BRF,201904,-,盤後
2018/12/22,BRF,201906,1555.5,一般
2018/12/22,BRF,201906,-,盤後
2018/12/22,BRF,201912,1580,一般
2018/12/22,BRF,201912,-,盤後
2018/12/24,BRF,201902,1670,一般
2018/12/24,BRF,201903,1670.5,一般
2018/12/24,BRF,201904,1673.5,一般
2018/12/24,BRF,201906,1575.5,一般
2018/12/24,BRF,201912,1600,一般
2018/12/25,BRF,201902,1575,一般
2018/12/25,BRF,201902,-,盤後
2018/12/25,BRF,201903,1578,一般
2018/12/25,BRF,201903,-,盤後
2018/12/25,BRF,201904,1578.5,一般
2018/12/25,BRF,201904,-,盤後
2018/12/25,BRF,201906,1568.5,一般
2018/12/25,BRF,201906,-,盤後
2018/12/25,BRF,201912,1598.5,一般
2018/12/25,BRF,201912,-,盤後
2018/12/26,BRF,201902,1546.5,一般
2018/12/26,BRF,201902,-,盤後
2018/12/26,BRF,201903,1551,一般
2018/12/26,BRF,201903,-,盤後
2018/12/26,BRF,201904,1554.5,一般
2018/12/26,BRF,201904,-,盤後
2018/12/26,BRF,201906,1568,一般
2018/12/26,BRF,201906,-,盤後
2018/12/26,BRF,201912,1588,一般
2018/12/26,BRF,201912,-,盤後
2018/12/27,BRF,201902,1668,一般
2018/12/27,BRF,201902,-,盤後
2018/12/27,BRF,201903,1681,一般
2018/12/27,BRF,201903,-,盤後
2018/12/27,BRF,201904,1679,一般
2018/12/27,BRF,201904,-,盤後
2018/12/27,BRF,201906,1689.5,一般
2018/12/27,BRF,201906,-,盤後
2018/12/27,BRF,201912,1709.5,一般
2018/12/27,BRF,201912,-,盤後
2018/12/28,BRF,201902,1625,一般
2018/12/28,BRF,201902,-,盤後
2018/12/28,BRF,201903,1646,一般
2018/12/28,BRF,201903,-,盤後
2018/12/28,BRF,201904,1657,一般
2018/12/28,BRF,201904,-,盤後
2018/12/28,BRF,201906,1646.5,一般
2018/12/28,BRF,201906,-,盤後
2018/12/28,BRF,201912,1666.5,一般
2018/12/28,BRF,201912,-,盤後
2018/12/3,BRF,201902/201903     ,-,一般
2018/12/4,BRF,201902/201903     ,-,盤後
2018/12/5,BRF,201902/201903     ,-,盤後
2018/12/6,BRF,201902/201903     ,-,一般
2018/12/6,BRF,201902/201903     ,-,盤後
2018/12/10,BRF,201902/201903     ,-,一般
2018/12/10,BRF,201902/201903     ,-,盤後
2018/12/18,BRF,201902/201903     ,-,一般
2018/12/18,BRF,201902/201903     ,-,盤後
2018/12/19,BRF,201902/201903     ,-,一般
2018/12/19,BRF,201902/201903     ,-,盤後
2018/12/20,BRF,201902/201903     ,-,盤後
2018/12/21,BRF,201902/201903     ,-,一般
2018/12/21,BRF,201902/201903     ,-,盤後
2018/12/22,BRF,201902/201903     ,-,盤後
2018/12/25,BRF,201902/201903     ,-,一般
2018/12/25,BRF,201902/201903     ,-,盤後
2018/12/26,BRF,201902/201903     ,-,一般
2018/12/26,BRF,201902/201903     ,-,盤後
2018/12/27,BRF,201902/201903     ,-,一般
2018/12/27,BRF,201903/201904     ,-,一般
2018/12/28,BRF,201903/201904     ,-,盤後
